City,Connection 1,Distance 1,Connection 2,Distance 2,Connection 3,Distance 3,Connection 4,Distance 4,Connection 5,Distance 5,Connection 6,Distance 6
Tirana,Durres,31.679182611238513,Lushnje,45.08153689070474,Fier,70.61922670740518,,,,,,
Durres,Tirana,31.679182611238513,Lushnje,47.34998282527197,Fier,65.91895244228651,,,,,,
Vlore,Fier,29.391579402532724,Berat,47.18333285107366,Lushnje,55.005593364618186,,,,,,
Shkoder,Durres,84.39073675445162,Tirana,86.02935161557627,Lushnje,127.15251457632195,Ulcinj,30.58742808542742,Novi Pazar,145.71787901490427,,
Fier,Lushnje,26.092678535439116,Vlore,29.391579402532724,Berat,33.22357140671741,,,,,,
Korce,Pogradec,32.99939080912912,Berat,69.51103125980154,Gjirokaster,81.37507619851523,,,,,,
Berat,Fier,33.22357140671741,Lushnje,33.40030405433837,Vlore,47.18333285107366,,,,,,
Lushnje,Fier,26.092678535439116,Berat,33.40030405433837,Tirana,45.08153689070474,,,,,,
Pogradec,Korce,32.99939080912912,Berat,62.978741967330194,Lushnje,79.91005364038828,Ohrid,27.278951548271124,,,,
Gjirokaster,Vlore,70.85050618648474,Berat,72.11085312268831,Korce,81.37507619851523,Ioannina,75.98464950233917,,,,
Andorra la Vella,Escaldes-Engordany,3.4879469027316037,,,,,,,,,,
Escaldes-Engordany,Andorra la Vella,3.4879469027316037,Toulouse,122.07873670298044,Barcelona,135.84869038345042,,,,,,
Yerevan,Abovyan,13.961126086033813,Hrazdan,41.37989535715579,Ararat,42.19993575927644,,,,,,
Gyumri,Vanadzor,54.000413298591496,Hrazdan,83.96420798103873,Abovyan,87.23493279408176,,,,,,
Vanadzor,Hrazdan,41.96780278694493,Gyumri,54.000413298591496,Abovyan,61.035684588837434,Rustavi,92.643762578528,,,,
Hrazdan,Abovyan,27.83691095737242,Yerevan,41.37989535715579,Vanadzor,41.96780278694493,,,,,,
Abovyan,Yerevan,13.961126086033813,Hrazdan,27.83691095737242,Ararat,49.75843856377027,,,,,,
Kapan,Ararat,162.70650762736463,Abovyan,194.0051852284775,Yerevan,195.76852634934318,,,,,,
Ararat,Yerevan,42.19993575927644,Abovyan,49.75843856377027,Hrazdan,74.66679097427813,,,,,,
Armavir,Gyumri,518.2773220584093,Vanadzor,540.4225223071094,Hrazdan,582.2581057315846,,,,,,
Ejmiatsin,Gaziantep,692.7552073211848,,,,,,,,,,
Vienna,Sankt Polten,56.01897816149656,Graz,144.54498528021435,Linz,154.814342727849,Bratislava,55.1299170951827,,,,
Graz,Klagenfurt,100.24197157270251,Sankt Polten,126.26835648701838,Villach,132.1191365215817,Szombathely,91.32313600550076,,,,
Linz,Wels,26.44320601484948,Sankt Polten,99.19218519060307,Salzburg,108.05816802213474,,,,,,
Salzburg,Wels,82.13764470183398,Linz,108.05816802213474,Innsbruck,137.36820105004801,,,,,,
Innsbruck,Dornbirn,124.91048263462346,Salzburg,137.36820105004801,Villach,198.8908801635086,Munich,97.60226772100624,,,,
Klagenfurt,Villach,35.64513764702656,Graz,100.24197157270251,Salzburg,162.1667897002036,Kranj,42.93756758164656,,,,
Villach,Klagenfurt,35.64513764702656,Graz,132.1191365215817,Salzburg,144.42211265674015,,,,,,
Wels,Linz,26.44320601484948,Salzburg,82.13764470183398,Sankt Polten,118.76994721710949,,,,,,
Sankt Polten,Vienna,56.01897816149656,Linz,99.19218519060307,Wels,118.76994721710949,,,,,,
Dornbirn,Innsbruck,124.91048263462346,Salzburg,250.64601753965502,Villach,322.0426303568577,Milan,221.0114684524376,Ruggell,25.129052974225836,Sankt Gallen,28.54163224720945
Baku,Baku,0.0,Sumqayit,29.989296669931154,Sirvan,91.54093183726803,Baku,0.0,Sumqayit,29.989296669931154,Sirvan,91.54093183726803
Sumqayit,Baku,29.989296669931154,Baku,29.989296669931154,Sirvan,95.40541299849686,,,,,,
Lankaran,Sirvan,131.2004692127221,Baku,198.21389853285197,Baku,198.21389853285197,,,,,,
Sirvan,Baku,91.54093183726803,Baku,91.54093183726803,Sumqayit,95.40541299849686,,,,,,
Naxcivan,Kapan,86.40893291534553,,,,,,,,,,
Ganca,Rustavi,148.38521336434744,Rostov,901.9135570258402,,,,,,,,
Minsk,Babruysk,138.1658567482653,Pinsk,221.28337171922507,Hrodna,246.61734840509354,Daugavpils,229.2910245376383,,,,
Hrodna,Brest,170.76085916144876,Pinsk,230.07820330587592,Minsk,246.61734840509354,Alytus,82.90255496897906,,,,
Brest,Pinsk,167.00102109207572,Hrodna,170.76085916144876,Minsk,326.9246260794101,Lublin,123.78822027824734,,,,
Babruysk,Minsk,138.1658567482653,Pinsk,240.5164097086479,Hrodna,362.42433254296884,,,,,,
Pinsk,Brest,167.00102109207572,Minsk,221.28337171922507,Hrodna,230.07820330587592,,,,,,
Vitsyebsk,Moscow,471.10202937515925,,,,,,,,,,
Homyel',Kyiv,224.15321357634153,,,,,,,,,,
Brussels,Aalst,24.220371007447905,Leuven,24.72499024084132,Antwerp,41.39959478567407,,,,,,
Antwerp,Aalst,40.02821998634072,Brussels,41.39959478567407,Leuven,42.688550606877925,Breda,48.79758463262004,,,,
Charleroi,Namur,31.58025696388047,Mons,34.68583365949987,Brussels,49.9967414763714,,,,,,
Liege,Namur,53.32051164534577,Leuven,66.95773650509956,Charleroi,84.70736178112385,Cologne,102.61012576102937,Wiltz,79.1434915008909,,
Bruges,Aalst,64.40164212582702,Antwerp,81.92631493667896,Brussels,88.59059905522811,Lille,65.65354790226893,,,,
Namur,Charleroi,31.58025696388047,Leuven,47.78992876407344,Liege,53.32051164534577,,,,,,
Leuven,Brussels,24.72499024084132,Antwerp,42.688550606877925,Aalst,46.731543791390344,,,,,,
Mons,Charleroi,34.68583365949987,Brussels,52.45110288379495,Aalst,54.65878839891923,,,,,,
Aalst,Brussels,24.220371007447905,Antwerp,40.02821998634072,Leuven,46.731543791390344,,,,,,
Sarajevo,Zenica,55.95939323526696,Mostar,75.02912190730996,Doboj,100.01722385326445,,,,,,
Banja Luka,Prijedor,44.414399900193665,Doboj,74.41766226526323,Zenica,84.92976994880071,,,,,,
Tuzla,Bijeljina,931.0312538054069,Trebinje,933.8743808660771,Sarajevo,955.7182584732795,,,,,,
Zenica,Sarajevo,55.95939323526696,Doboj,61.85067548727388,Banja Luka,84.92976994880071,,,,,,
Mostar,Sarajevo,75.02912190730996,Trebinje,82.02389811517769,Zenica,95.72977541001843,,,,,,
Bijeljina,Brcko,35.16772857032036,Doboj,85.5868998150738,Sarajevo,118.16163800398876,Novi Sad,74.5926596867107,,,,
Prijedor,Banja Luka,44.414399900193665,Doboj,115.93081964121154,Zenica,127.7713601991948,,,,,,
Brcko,Bijeljina,35.16772857032036,Doboj,55.70766085982968,Zenica,103.96149312196972,,,,,,
Trebinje,Mostar,82.02389811517769,Sarajevo,127.8104754336204,Zenica,169.38220066863093,Herceg Novi,33.224896174884215,,,,
Doboj,Brcko,55.70766085982968,Zenica,61.85067548727388,Banja Luka,74.41766226526323,Slavonski Brod,49.05764327468772,,,,
Sofia,Pleven,131.09051172952746,Plovdiv,131.62137219847267,Stara Zagora,192.28825619812645,Nis,135.3999175505697,,,,
Plovdiv,Stara Zagora,80.45189278937325,Sofia,131.62137219847267,Pleven,140.26093174338735,Thessaloniki,226.06256286465955,,,,
Varna,Dobrich,39.49735181405287,Shumen,79.98977610569209,Burgas,87.30631573695192,,,,,,
Burgas,Varna,87.30631573695192,Sliven,95.19992831700132,Shumen,97.1655371101314,Istanbul,206.38064407807298,,,,
Ruse,Shumen,99.15620458422516,Pleven,116.86812802106833,Sliven,130.41096562513357,Bucharest,68.81163954693909,,,,
Stara Zagora,Sliven,62.489154349179806,Plovdiv,80.45189278937325,Pleven,137.00831483308886,,,,,,
Pleven,Ruse,116.86812802106833,Sofia,131.09051172952746,Stara Zagora,137.00831483308886,,,,,,
Sliven,Stara Zagora,62.489154349179806,Shumen,82.66306456789843,Burgas,95.19992831700132,,,,,,
Dobrich,Varna,39.49735181405287,Shumen,79.21910998653443,Burgas,121.90379852850613,,,,,,
Shumen,Dobrich,79.21910998653443,Varna,79.98977610569209,Sliven,82.66306456789843,,,,,,
Zagreb,Sisak,47.692082672460735,Karlovac,50.086982855756105,Varazdin,61.104391949730974,,,,,,
Split,Zadar,118.26799583932933,Sisak,219.91299182380337,Slavonski Brod,222.83336275346272,Herceg Novi,206.75627827031653,,,,
Rijeka,Pula,69.03512467897843,Karlovac,88.29245937841013,Zagreb,131.802117549821,,,,,,
Osijek,Slavonski Brod,68.36291778640468,Sisak,180.76770415532917,Varazdin,200.5327005715811,Pecs,67.5280897214961,Novi Sad,95.69077038069109,,
Zadar,Split,118.26799583932933,Pula,138.06226764043646,Rijeka,148.12043360585963,,,,,,
Slavonski Brod,Osijek,68.36291778640468,Sisak,133.11317550178194,Zagreb,174.1959424155842,Doboj,49.05764327468772,,,,
Pula,Rijeka,69.03512467897843,Zadar,138.06226764043646,Karlovac,149.9765898390116,,,,,,
Karlovac,Zagreb,50.086982855756105,Sisak,64.40225444732992,Rijeka,88.29245937841013,,,,,,
Sisak,Zagreb,47.692082672460735,Karlovac,64.40225444732992,Varazdin,91.32801727782929,,,,,,
Varazdin,Zagreb,61.104391949730974,Sisak,91.32801727782929,Karlovac,110.12703042344779,Ptuj,38.01279314012571,,,,
Prague,Usti nad Labem,68.94581883222112,Plzen,83.75719903648559,Liberec,88.2792188364907,,,,,,
Brno,Olomouc,64.45394105665349,Zlin,77.0266271620063,Pardubice,111.44055421935572,Vienna,110.79761354057895,,,,
Ostrava,Olomouc,79.57131893363473,Zlin,80.78609310321272,Brno,141.0544314025878,Katowice,70.50807790784012,,,,
Plzen,Prague,83.75719903648559,Usti nad Labem,111.7647297296876,Liberec,165.11267297663042,,,,,,
Liberec,Usti nad Labem,73.16922662852608,Hradec Kralove,82.31459513067601,Prague,88.2792188364907,,,,,,
Olomouc,Zlin,50.15625745221712,Brno,64.45394105665349,Ostrava,79.57131893363473,,,,,,
Usti nad Labem,Prague,68.94581883222112,Liberec,73.16922662852608,Plzen,111.7647297296876,Berlin,211.63083363532823,,,,
Hradec Kralove,Pardubice,19.342480315398838,Liberec,82.31459513067601,Prague,101.43022680037392,,,,,,
Pardubice,Hradec Kralove,19.342480315398838,Liberec,95.41765533834158,Prague,97.0721021971152,,,,,,
Zlin,Olomouc,50.15625745221712,Brno,77.0266271620063,Ostrava,80.78609310321272,Trencin,46.53327356691028,,,,
Copenhagen,Roskilde,30.55749038819829,Odense,140.64576328942147,Aarhus,156.337352656167,Malmo,30.36184322918433,,,,
Aarhus,Randers,34.97823077669977,Horsens,40.09303370077553,Vejle,64.64524414134301,,,,,,
Odense,Kolding,57.050305028226546,Horsens,61.54692460481383,Vejle,64.5494213385094,Hamburg,206.77286827126096,,,,
Aalborg,Randers,66.35872334867219,Aarhus,100.89217852865272,Horsens,132.57434334702947,,,,,,
Esbjerg,Kolding,66.15753038216572,Vejle,72.83423257974813,Horsens,97.18832672559796,,,,,,
Randers,Aarhus,34.97823077669977,Aalborg,66.35872334867219,Horsens,67.59332072685822,,,,,,
Kolding,Vejle,25.10614618869555,Horsens,46.29577241192737,Odense,57.050305028226546,,,,,,
Horsens,Vejle,25.297501699741286,Aarhus,40.09303370077553,Kolding,46.29577241192737,,,,,,
Vejle,Kolding,25.10614618869555,Horsens,25.297501699741286,Odense,64.5494213385094,,,,,,
Roskilde,Copenhagen,30.55749038819829,Odense,110.35084867851668,Aarhus,129.6323095036851,,,,,,
Tallinn,Maardu,15.963478575657582,Rakvere,91.36140794093824,Parnu,118.03150557182865,,,,,,
Tartu,Voru,61.62757626624077,Viljandi,65.13560056282019,Rakvere,109.53955469605569,,,,,,
Narva,Kohtla-Jarve,53.22089936793062,Rakvere,104.64483285590188,Tartu,139.30590909359833,Saint Petersburg,135.1254410063273,,,,
Parnu,Viljandi,64.16232217865738,Tallinn,118.03150557182865,Kuressaare,118.70429845607126,,,,,,
Kohtla-Jarve,Rakvere,51.66335332386353,Narva,53.22089936793062,Tartu,117.00214238633411,,,,,,
Viljandi,Parnu,64.16232217865738,Tartu,65.13560056282019,Voru,100.06634331476577,Valmiera,91.57602311752947,,,,
Rakvere,Kohtla-Jarve,51.66335332386353,Maardu,76.80222426243749,Tallinn,91.36140794093824,,,,,,
Maardu,Tallinn,15.963478575657582,Rakvere,76.80222426243749,Parnu,125.28598881689733,,,,,,
Kuressaare,Parnu,118.70429845607126,Viljandi,182.5104910697753,Tallinn,185.34812850126963,,,,,,
Voru,Tartu,61.62757626624077,Viljandi,100.06634331476577,Parnu,158.0103246078651,,,,,,
Helsinki,Vantaa,14.869320048949923,Espoo,16.056901615499953,Lahti,98.37112386612334,,,,,,
Espoo,Helsinki,16.056901615499953,Vantaa,23.410683260727048,Lahti,102.10282807219582,,,,,,
Tampere,Lahti,116.18648976201318,Jyvaskyla,132.76929941978926,Turku,141.67287227837753,,,,,,
Vantaa,Helsinki,14.869320048949923,Espoo,23.410683260727048,Lahti,83.50277542609678,,,,,,
Oulu,Kuopio,259.3180797157499,Jyvaskyla,308.57507656777096,Tampere,400.20891456057274,Lulea,166.67674075525318,,,,
Turku,Espoo,134.2692363540311,Tampere,141.67287227837753,Helsinki,150.32344690603443,,,,,,
Jyvaskyla,Kuopio,122.78940250771369,Tampere,132.76929941978926,Lahti,140.01160790153833,,,,,,
Lahti,Kouvola,58.38494047365075,Vantaa,83.50277542609678,Helsinki,98.37112386612334,,,,,,
Kuopio,Jyvaskyla,122.78940250771369,Kouvola,230.81236772227302,Lahti,237.3024996857417,,,,,,
Kouvola,Lahti,58.38494047365075,Vantaa,111.02797050756031,Helsinki,123.92202142237547,Saint Petersburg,223.0448578798223,,,,
Paris,Lille,203.3657130975745,Nantes,342.7076929306574,Lyon,392.05741908073935,,,,,,
Marseille,Montpellier,125.49856809171607,Nice,159.50251048808974,Lyon,277.1409815721662,,,,,,
Lyon,Montpellier,250.68685913920004,Marseille,277.1409815721662,Nice,298.3498430047105,Geneva,112.29165781878551,,,,
Toulouse,Montpellier,195.89959213091092,Bordeaux,211.85274496707362,Marseille,318.7386259900208,Escaldes-Engordany,122.07873670298044,Barcelona,254.27420300472784,,
Nice,Marseille,159.50251048808974,Montpellier,272.8137965102759,Lyon,298.3498430047105,Genoa,154.67771796043942,Monaco,12.535918780051441,,
Nantes,Bordeaux,274.88443654493597,Paris,342.7076929306574,Toulouse,464.86306618420747,,,,,,
Strasbourg,Lyon,383.0844113296902,Paris,396.75477754474076,Lille,407.0353793897343,Stuttgart,107.48494875973488,Remich,146.68070292712872,,
Montpellier,Marseille,125.49856809171607,Toulouse,195.89959213091092,Lyon,250.68685913920004,,,,,,
Bordeaux,Toulouse,211.85274496707362,Nantes,274.88443654493597,Montpellier,380.4410782856843,,,,,,
Lille,Paris,203.3657130975745,Strasbourg,407.0353793897343,Nantes,507.0013750864539,Bruges,65.65354790226893,,,,
Tbilisi,Rustavi,26.645781560203364,Gori,63.27479833304432,Khashuri,103.49290615944594,,,,,,
Kutaisi,Tsqaltubo,11.7908965125591,Samtredia,31.07403826851293,Zugdidi,74.22849162821622,,,,,,
Batumi,Poti,56.102651195444736,Samtredia,81.5897772263312,Zugdidi,97.68682075024617,Kayseri,615.3742956446946,,,,
Rustavi,Tbilisi,26.645781560203364,Gori,88.82534871885811,Khashuri,127.38783303794494,Vanadzor,92.643762578528,Ganca,148.38521336434744,,
Zugdidi,Poti,43.100125569973834,Samtredia,54.79849307467288,Tsqaltubo,63.55010051347845,Rostov,552.3831591046811,,,,
Gori,Khashuri,42.500518030959924,Tbilisi,63.27479833304432,Rustavi,88.82534871885811,,,,,,
Poti,Zugdidi,43.100125569973834,Samtredia,55.65795012380797,Batumi,56.102651195444736,,,,,,
Samtredia,Tsqaltubo,28.04149877033482,Kutaisi,31.07403826851293,Zugdidi,54.79849307467288,,,,,,
Khashuri,Gori,42.500518030959924,Kutaisi,79.24994373621406,Tsqaltubo,90.02123839148312,,,,,,
Tsqaltubo,Kutaisi,11.7908965125591,Samtredia,28.04149877033482,Zugdidi,63.55010051347845,,,,,,
Berlin,Hamburg,254.82165274642227,Bremen,315.7884201460339,Dortmund,421.2572936546288,Szczecin,127.09139151428434,,,,
Hamburg,Bremen,95.11437472757683,Berlin,254.82165274642227,Dortmund,283.6503922521869,Odense,206.77286827126096,,,,
Munich,Stuttgart,190.39938510857795,Frankfurt,304.00792106702806,Cologne,456.0282418663777,Innsbruck,97.60226772100624,,,,
Cologne,Dusseldorf,35.07249211485856,Essen,57.35280273665035,Dortmund,73.7847415228462,Liege,102.61012576102937,Vianden,123.36800990383018,,
Frankfurt,Stuttgart,152.53941956454284,Cologne,152.8939343969527,Dortmund,178.14717224573076,,,,,,
Stuttgart,Frankfurt,152.53941956454284,Munich,190.39938510857795,Cologne,288.2749094003323,Strasbourg,107.48494875973488,Winterthur,146.06556064205336,,
Dusseldorf,Essen,28.977414330610387,Cologne,35.07249211485856,Dortmund,56.94799437471825,,,,,,
Dortmund,Essen,32.252984037151826,Dusseldorf,56.94799437471825,Cologne,73.7847415228462,,,,,,
Essen,Dusseldorf,28.977414330610387,Dortmund,32.252984037151826,Cologne,57.35280273665035,Nijmegen,90.81492528914492,,,,
Bremen,Hamburg,95.11437472757683,Dortmund,196.37040880204705,Essen,218.47361777687175,,,,,,
Athens,Volos,168.49859321515768,Chania,275.5751807019091,Thessaloniki,303.12565865007264,,,,,,
Thessaloniki,Volos,141.6179087724231,Ioannina,207.64726173339017,Athens,303.12565865007264,Plovdiv,226.06256286465955,Kavadarci,117.2953913151636,,
Volos,Thessaloniki,141.6179087724231,Athens,168.49859321515768,Ioannina,181.54343294869307,,,,,,
Ioannina,Volos,181.54343294869307,Thessaloniki,207.64726173339017,Athens,311.3251330560662,Gjirokaster,75.98464950233917,,,,
Chania,Athens,275.5751807019091,Volos,438.64460390863246,Ioannina,538.7652550574898,,,,,,
Rodos,Antalya,227.12670841375945,,,,,,,,,,
Budapest,Szekesfehervar,58.594567106461454,Kecskemet,81.09962450977244,Gyor,108.38400625597126,,,,,,
Debrecen,Nyiregyhaza,47.503483026588356,Miskolc,95.18337110704587,Kecskemet,162.7544383895622,Oradea,55.16496710377653,,,,
Szeged,Kecskemet,80.3270653252606,Pecs,148.6584652978624,Budapest,160.76025149709744,Subotica,40.722430334095044,,,,
Miskolc,Nyiregyhaza,80.18715835634357,Debrecen,95.18337110704587,Budapest,137.3962798503521,,,,,,
Pecs,Szekesfehervar,125.79018326548366,Kecskemet,145.12404347382787,Szeged,148.6584652978624,Osijek,67.5280897214961,,,,
Gyor,Szekesfehervar,79.65251357645079,Szombathely,91.03710660651029,Budapest,108.38400625597126,Bratislava,64.35847490420706,,,,
Nyiregyhaza,Debrecen,47.503483026588356,Miskolc,80.18715835634357,Kecskemet,192.45233037097202,Lviv,269.2894997960617,,,,
Kecskemet,Szeged,80.3270653252606,Budapest,81.09962450977244,Szekesfehervar,102.2353834459004,,,,,,
Szekesfehervar,Budapest,58.594567106461454,Gyor,79.65251357645079,Kecskemet,102.2353834459004,,,,,,
Szombathely,Gyor,91.03710660651029,Szekesfehervar,135.03803621974197,Pecs,178.55357862975544,Graz,91.32313600550076,Maribor,105.73289634815907,,
Dublin,Drogheda,41.041027746461765,Navan,43.69589044755109,Waterford,134.87101813953186,Liverpool,216.8691786687002,,,,
Cork,Limerick,86.04721820394953,Waterford,99.96920077745206,Ennis,111.08348538437858,,,,,,
Limerick,Ennis,31.33585712781164,Galway,73.21191961176477,Cork,86.04721820394953,,,,,,
Galway,Ennis,47.543509203999314,Limerick,73.21191961176477,Cork,157.78241863242383,,,,,,
Waterford,Cork,99.96920077745206,Limerick,110.98389031209759,Dublin,134.87101813953186,,,,,,
Drogheda,Navan,22.736837037281077,Dublin,41.041027746461765,Waterford,170.28429083849173,,,,,,
Navan,Drogheda,22.736837037281077,Dublin,43.69589044755109,Waterford,158.11007669014947,,,,,,
Ennis,Limerick,31.33585712781164,Galway,47.543509203999314,Cork,111.08348538437858,,,,,,
Rome,Naples,188.77426453525493,Florence,231.6358800989167,Bologna,303.59404209577036,Vatican City,2.748126330720287,,,,
Milan,Genoa,119.13207844853419,Turin,126.0621379714611,Bologna,200.9286271000626,Dornbirn,221.0114684524376,Lugano,62.60871105327075,,
Naples,Rome,188.77426453525493,Bari,222.03989991264712,Catania,377.6532876612553,,,,,,
Turin,Genoa,123.97003454802272,Milan,126.0621379714611,Bologna,296.5722493890574,,,,,,
Palermo,Turin,9239.383220846874,Genoa,9335.494205441531,Milan,9359.494528702417,,,,,,
Genoa,Milan,119.13207844853419,Turin,123.97003454802272,Bologna,191.5068089015274,Nice,154.67771796043942,,,,
Bologna,Florence,80.64889459466197,Genoa,191.5068089015274,Milan,200.9286271000626,Koper,221.55075433309406,,,,
Florence,Bologna,80.64889459466197,Genoa,198.56400379308252,Rome,231.6358800989167,San Marino,97.37351856760387,,,,
Bari,Naples,222.03989991264712,Rome,374.84354198630245,Catania,431.08395685465655,,,,,,
Catania,Naples,377.6532876612553,Bari,431.08395685465655,Rome,536.9491389740676,,,,,,
Nur-Sultan,Nur-Sultan,0.0,Pavlodar,401.63346133157887,Semey,626.3650067943518,Nur-Sultan,0.0,Pavlodar,401.63346133157887,Semey,626.3650067943518
Almaty,Taraz,450.86596677705757,Shymkent,604.9113976611957,Semey,835.7236841876895,,,,,,
Shymkent,Taraz,158.77621064904034,Almaty,604.9113976611957,Nur-Sultan,991.6388849565649,,,,,,
Taraz,Shymkent,158.77621064904034,Almaty,450.86596677705757,Nur-Sultan,917.0563744081435,,,,,,
Pavlodar,Semey,309.9447593425418,Nur-Sultan,401.63346133157887,Nur-Sultan,401.63346133157887,Omsk,378.3533333646366,,,,
Semey,Pavlodar,309.9447593425418,Nur-Sultan,626.3650067943518,Nur-Sultan,626.3650067943518,,,,,,
Pristina,Lipjan,14.94763607342063,Vushtrri,23.66597937796399,Ferizaj,32.98247751127514,,,,,,
Prizren,Ferizaj,39.10757431747876,Lipjan,48.17233843915055,Pristina,60.94484693008338,Tetovo,29.561553392585527,,,,
Gjilan,Ferizaj,26.945731328804563,Lipjan,27.877849304397092,Pristina,33.3223779936257,,,,,,
Ferizaj,Lipjan,18.30391861294543,Gjilan,26.945731328804563,Pristina,32.98247751127514,,,,,,
Vushtrri,Pristina,23.66597937796399,Lipjan,35.3129128796639,Ferizaj,53.16186600924807,,,,,,
Lipjan,Pristina,14.94763607342063,Ferizaj,18.30391861294543,Gjilan,27.877849304397092,,,,,,
Gjakove,Shkoder,83.57208821967569,,,,,,,,,,
Peje,Rozaje,22.69163798850019,,,,,,,,,,
Mitrovice,Novi Pazar,41.09934165762452,,,,,,,,,,
Riga,Jurmala,20.4887951846382,Ogre,33.60968952220427,Jelgava,41.08992196674592,,,,,,
Daugavpils,Rezekne,86.72464553849846,Ogre,158.585032271528,Riga,191.26385931251332,Minsk,229.2910245376383,Utena,71.95677328161354,,
Liepaja,Ventspils,103.44823394153151,Tukums,139.74225554627316,Jelgava,166.04151294464958,,,,,,
Jelgava,Jurmala,35.72548430605842,Riga,41.08992196674592,Tukums,49.313086592588775,,,,,,
Jurmala,Riga,20.4887951846382,Jelgava,35.72548430605842,Tukums,37.599149358158876,,,,,,
Ventspils,Liepaja,103.44823394153151,Tukums,106.07210552530353,Jurmala,140.4903656393748,,,,,,
Rezekne,Daugavpils,86.72464553849846,Valmiera,164.6771842576504,Ogre,170.65988830892525,,,,,,
Valmiera,Ogre,94.36952855139899,Riga,102.57757569354752,Jurmala,117.43565089006164,Viljandi,91.57602311752947,Saint Petersburg,389.249116701106,,
Ogre,Riga,33.60968952220427,Jurmala,53.385356420644285,Jelgava,57.5903800141615,,,,,,
Tukums,Jurmala,37.599149358158876,Jelgava,49.313086592588775,Riga,58.019604053960954,,,,,,
Vaduz,Schaan,2.9827185101451734,Triesen,4.653013984824918,Planken,4.794592209165858,,,,,,
Schaan,Planken,2.5669357522505996,Vaduz,2.9827185101451734,Eschen,5.584850238145799,,,,,,
Triesen,Balzers,4.479720205765893,Vaduz,4.653013984824918,Schaan,7.628532128752179,,,,,,
Balzers,Triesen,4.479720205765893,Vaduz,8.413284218345659,Schaan,11.14369132090525,,,,,,
Eschen,Mauren,1.2537422648795264,Gamprin,1.2612949290971505,Schellenberg,3.0255188079927287,,,,,,
Mauren,Eschen,1.2537422648795264,Schellenberg,2.186421031257324,Gamprin,2.51503717967653,,,,,,
Ruggell,Schellenberg,1.6947543372734757,Mauren,3.1468254827521935,Eschen,3.3844664516034015,Dornbirn,25.129052974225836,Sankt Gallen,23.384275271236483,,
Gamprin,Eschen,1.2612949290971505,Mauren,2.51503717967653,Ruggell,4.023254407436714,,,,,,
Schellenberg,Ruggell,1.6947543372734757,Mauren,2.186421031257324,Eschen,3.0255188079927287,,,,,,
Planken,Schaan,2.5669357522505996,Mauren,3.713910549928342,Eschen,3.919947851742691,,,,,,
Vilnius,Jonava,76.93997988277626,Alytus,85.51113918318633,Kaunas,92.35991632972133,,,,,,
Kaunas,Jonava,31.8150472509461,Marijampole,51.96051533447673,Alytus,56.12009747729418,,,,,,
Klaipeda,Mazeikiai,96.03691786534719,Siauliai,135.76582797502752,Marijampole,192.68552343587456,Gdansk,223.84437137347035,,,,
Siauliai,Panevezys,68.25085017563204,Mazeikiai,74.37841529839561,Jonava,113.3684905630147,,,,,,
Panevezys,Siauliai,68.25085017563204,Jonava,73.64142786772382,Utena,82.66786443801399,,,,,,
Alytus,Marijampole,47.99724573462446,Kaunas,56.12009747729418,Jonava,76.05430618660216,Hrodna,82.90255496897906,,,,
Marijampole,Alytus,47.99724573462446,Kaunas,51.96051533447673,Jonava,83.44980483952884,,,,,,
Mazeikiai,Siauliai,74.37841529839561,Klaipeda,96.03691786534719,Panevezys,141.10364493950158,,,,,,
Jonava,Kaunas,31.8150472509461,Panevezys,73.64142786772382,Alytus,76.05430618660216,,,,,,
Utena,Panevezys,82.66786443801399,Vilnius,92.64420847174443,Jonava,96.13922961165139,Daugavpils,71.95677328161354,Saint Petersburg,568.2518590117755,,
Esch-sur-Alzette,Differdange,7.008126810487921,Dudelange,7.570589969064319,Remich,28.36659556837337,,,,,,
Differdange,Esch-sur-Alzette,7.008126810487921,Dudelange,14.49605741537747,Remich,34.36764292010318,,,,,,
Dudelange,Esch-sur-Alzette,7.570589969064319,Differdange,14.49605741537747,Remich,21.558542248797345,,,,,,
Diekirch,Vianden,8.141493965821152,Wiltz,19.391768187324285,Remich,39.033274588207284,,,,,,
Wiltz,Diekirch,19.391768187324285,Vianden,19.960928626514626,Differdange,49.516446009786456,Liege,79.1434915008909,,,,
Vianden,Diekirch,8.141493965821152,Wiltz,19.960928626514626,Remich,44.76365921700073,Cologne,123.36800990383018,,,,
Remich,Dudelange,21.558542248797345,Esch-sur-Alzette,28.36659556837337,Differdange,34.36764292010318,Strasbourg,146.68070292712872,,,,
Valletta,Sliema,1.7168992827635927,Fgura,3.015163733988793,Zabbar,3.289883744517732,,,,,,
Birkirkara,Qormi,2.1128424080970074,Attard,2.222616320431884,Mosta,3.583040314065586,,,,,,
Mosta,Attard,2.176897012875623,Birkirkara,3.583040314065586,Qormi,5.347511388105207,,,,,,
Zabbar,Fgura,1.474286392717506,Zejtun,2.4404460281311944,Valletta,3.289883744517732,,,,,,
Fgura,Zabbar,1.474286392717506,Zejtun,2.103960113781691,Valletta,3.015163733988793,,,,,,
Zejtun,Fgura,2.103960113781691,Zabbar,2.4404460281311944,Valletta,5.104488553958466,,,,,,
Sliema,Valletta,1.7168992827635927,Birkirkara,4.132391107005416,Qormi,4.6487282693865595,,,,,,
Qormi,Birkirkara,2.1128424080970074,Attard,3.3980904325424968,Valletta,4.194842708423403,,,,,,
Attard,Mosta,2.176897012875623,Birkirkara,2.222616320431884,Qormi,3.3980904325424968,,,,,,
Chisinau,Dubasari,36.92818494935794,Orhei,40.11039115209492,Bender,53.528652753890825,,,,,,
Tiraspol,Bender,12.195436512311348,Dubasari,59.59614136007756,Chisinau,64.62155105919076,Odesa,92.40278396662715,,,,
Balti,Soroca,52.84560119603872,Ungheni,61.616991175860065,Orhei,79.84623512223372,,,,,,
Bender,Tiraspol,12.195436512311348,Chisinau,53.528652753890825,Dubasari,53.83132256384599,,,,,,
Ribnita,Orhei,44.79468807246502,Dubasari,56.98943638302372,Soroca,68.51521314683298,,,,,,
Cahul,Chisinau,132.7322576813185,Bender,142.5790826324378,Ungheni,147.24898554332484,,,,,,
Ungheni,Balti,61.616991175860065,Orhei,77.64944248164119,Chisinau,80.03027790070628,Iasi,18.249383678910295,,,,
Soroca,Balti,52.84560119603872,Ribnita,68.51521314683298,Orhei,95.28344386839001,,,,,,
Orhei,Dubasari,29.394167306859668,Chisinau,40.11039115209492,Ribnita,44.79468807246502,,,,,,
Dubasari,Orhei,29.394167306859668,Chisinau,36.92818494935794,Bender,53.83132256384599,,,,,,
Monaco,Nice,12.535918780051441,,,,,,,,,,
Podgorica,Cetinje,28.965014571874267,Bar,40.24825086229828,Niksic,45.340389830941014,,,,,,
Niksic,Cetinje,44.301490325940975,Podgorica,45.340389830941014,Herceg Novi,49.78776402815213,,,,,,
Herceg Novi,Cetinje,32.93293381008576,Niksic,49.78776402815213,Podgorica,60.05044760959181,Trebinje,33.224896174884215,Split,206.75627827031653,,
Pljevlja,Bijelo Polje,47.41570967129174,Berane,70.4290210053981,Niksic,72.41309018606829,,,,,,
Bijelo Polje,Berane,23.973956605905816,Rozaje,40.10548614390007,Pljevlja,47.41570967129174,,,,,,
Cetinje,Podgorica,28.965014571874267,Herceg Novi,32.93293381008576,Bar,34.480863757200844,,,,,,
Bar,Ulcinj,21.653307091499645,Cetinje,34.480863757200844,Podgorica,40.24825086229828,,,,,,
Berane,Bijelo Polje,23.973956605905816,Rozaje,24.46026941215631,Podgorica,65.96090384605031,,,,,,
Ulcinj,Bar,21.653307091499645,Cetinje,56.11681923115881,Podgorica,58.19715686913955,Shkoder,30.58742808542742,,,,
Rozaje,Berane,24.46026941215631,Bijelo Polje,40.10548614390007,Podgorica,85.7317971334109,Peje,22.69163798850019,Novi Pazar,45.05323533985722,,
Amsterdam,Almere,21.9462259111971,Utrecht,35.5969863498023,The Hague,51.38137727796486,,,,,,
Rotterdam,The Hague,22.336386152961072,Breda,41.097464653429306,Utrecht,46.10364883198367,,,,,,
The Hague,Rotterdam,22.336386152961072,Amsterdam,51.38137727796486,Utrecht,55.12556850427301,,,,,,
Utrecht,Almere,32.240362251781704,Amsterdam,35.5969863498023,Rotterdam,46.10364883198367,,,,,,
Eindhoven,Tilburg,30.582698360114197,Breda,51.92844493231388,Nijmegen,52.97130208609202,,,,,,
Tilburg,Breda,21.688530787831333,Eindhoven,30.582698360114197,Rotterdam,57.237592384652814,,,,,,
Groningen,Almere,131.04291304590154,Amsterdam,146.4862392967955,Nijmegen,159.52347053627497,,,,,,
Almere,Amsterdam,21.9462259111971,Utrecht,32.240362251781704,The Hague,69.50282379121973,,,,,,
Breda,Tilburg,21.688530787831333,Rotterdam,41.097464653429306,Eindhoven,51.92844493231388,Antwerp,48.79758463262004,,,,
Nijmegen,Eindhoven,52.97130208609202,Utrecht,57.430021427228034,Tilburg,63.07183860531197,Essen,90.81492528914492,,,,
Skopje,Kumanovo,27.814442114457847,Tetovo,38.067201669387806,Veles,42.24596298145852,,,,,,
Bitola,Prilep,39.50085341215785,Ohrid,45.65105822837661,Struga,57.28249446014198,,,,,,
Kumanovo,Skopje,27.814442114457847,Veles,46.63016358020598,Tetovo,62.80804764723877,,,,,,
Prilep,Kavadarci,39.356084085683705,Bitola,39.50085341215785,Veles,44.95936370457475,,,,,,
Tetovo,Gostivar,23.81841870043524,Skopje,38.067201669387806,Kumanovo,62.80804764723877,,,,,,
Veles,Kavadarci,37.06014134827233,Skopje,42.24596298145852,Prilep,44.95936370457475,,,,,,
Ohrid,Struga,12.307589302435284,Bitola,45.65105822837661,Prilep,67.8890493191455,,,,,,
Gostivar,Tetovo,23.81841870043524,Skopje,47.878141193502074,Veles,71.83880546018408,,,,,,
Struga,Ohrid,12.307589302435284,Bitola,57.28249446014198,Gostivar,71.99701149353135,,,,,,
Kavadarci,Veles,37.06014134827233,Prilep,39.356084085683705,Bitola,72.05675336746847,,,,,,
Oslo,Drammen,35.65432760295861,Sarpsborg,72.86284079600223,Fredrikstad,79.61910302575205,,,,,,
Bergen,Stavanger,159.429591671976,Sandnes,172.50183576239976,Drammen,279.97803288720235,,,,,,
Trondheim,Oslo,391.42932847184665,Drammen,410.64097867867684,Bergen,429.35130282571345,,,,,,
Stavanger,Sandnes,13.157127673677326,Bergen,159.429591671976,Kristiansand,160.11837889928626,,,,,,
Drammen,Oslo,35.65432760295861,Sarpsborg,71.71906282076452,Fredrikstad,72.63997052055159,,,,,,
Fredrikstad,Sarpsborg,12.84014017882628,Drammen,72.63997052055159,Oslo,79.61910302575205,Gothenburg,176.74749539201775,,,,
Kristiansand,Sandnes,152.94178023067337,Stavanger,160.11837889928626,Fredrikstad,207.284211869866,,,,,,
Sandnes,Stavanger,13.157127673677326,Kristiansand,152.94178023067337,Bergen,172.50183576239976,,,,,,
Tromso,Trondheim,789.8608504259489,Oslo,1151.2765591646394,Drammen,1178.3971387434426,,,,,,
Sarpsborg,Fredrikstad,12.84014017882628,Drammen,71.71906282076452,Oslo,72.86284079600223,,,,,,
Warsaw,Lodz,117.84940179893849,Lublin,152.79223944879635,Bydgoszcz,225.89520212330459,,,,,,
Krakow,Katowice,69.42750139540829,Lodz,193.72902549061874,Lublin,227.63700846764448,Poprad,114.4074112854773,,,,
Lodz,Warsaw,117.84940179893849,Katowice,170.69730851243511,Bydgoszcz,179.10622384566182,,,,,,
Wroclaw,Poznan,144.5247199859501,Katowice,168.30961526167107,Lodz,183.51107813228526,,,,,,
Poznan,Bydgoszcz,106.98899589781169,Wroclaw,144.5247199859501,Lodz,185.98058251624366,,,,,,
Gdansk,Bydgoszcz,142.7296695192926,Poznan,243.67747318396897,Warsaw,283.1046734531944,Klaipeda,223.84437137347035,,,,
Szczecin,Poznan,196.31767038943093,Bydgoszcz,232.09109649025942,Gdansk,287.0732094933834,Berlin,127.09139151428434,,,,
Bydgoszcz,Poznan,106.98899589781169,Gdansk,142.7296695192926,Lodz,179.10622384566182,,,,,,
Lublin,Warsaw,152.79223944879635,Lodz,223.15825911902263,Krakow,227.63700846764448,Brest,123.78822027824734,Lviv,187.65393507354065,,
Katowice,Krakow,69.42750139540829,Wroclaw,168.30961526167107,Lodz,170.69730851243511,,,,,,
Lisbon,Amadora,7.280353388585786,Queluz,10.504621741192404,Setubal,31.6152785764977,,,,,,
Porto,Vila Nova de Gaia,3.2330160644679857,Braga,46.34160190671473,Coimbra,106.98854224675753,,,,,,
Vila Nova de Gaia,Porto,3.2330160644679857,Braga,49.19011821072006,Coimbra,103.75594788156657,,,,,,
Amadora,Queluz,3.505947102305424,Lisbon,7.280353388585786,Setubal,37.62930911952922,,,,,,
Braga,Porto,46.34160190671473,Vila Nova de Gaia,49.19011821072006,Coimbra,148.91425414575346,,,,,,
Funchal,Queluz,967.5315290423104,Amadora,968.3135173986483,Lisbon,973.1091060531858,,,,,,
Coimbra,Vila Nova de Gaia,103.75594788156657,Porto,106.98854224675753,Braga,148.91425414575346,,,,,,
Setubal,Lisbon,31.6152785764977,Amadora,37.62930911952922,Queluz,41.130889740008236,Sevilla,292.01828968197094,,,,
Queluz,Amadora,3.505947102305424,Lisbon,10.504621741192404,Setubal,41.130889740008236,,,,,,
Bucharest,Ploiesti,56.9186695464717,Brasov,142.47309004234498,Craiova,182.0898043708081,Ruse,68.81163954693909,,,,
Cluj-Napoca,Oradea,130.73008852972956,Brasov,198.57602229174452,Timisoara,212.7434329463352,,,,,,
Timisoara,Oradea,155.26025455342818,Cluj-Napoca,212.7434329463352,Craiova,257.76411673746543,Zrenjanin,77.67148309278807,,,,
Iasi,Galati,196.4715976620999,Brasov,224.73416761617597,Ploiesti,274.9551824285425,Ungheni,18.249383678910295,,,,
Constanta,Galati,147.2980717595865,Bucharest,203.44420983853007,Ploiesti,224.06265424903413,,,,,,
Craiova,Bucharest,182.0898043708081,Ploiesti,187.15017526090435,Brasov,204.96082991259593,,,,,,
Brasov,Ploiesti,86.7002580942479,Bucharest,142.47309004234498,Galati,190.83098646865656,,,,,,
Galati,Constanta,147.2980717595865,Ploiesti,167.1473657692752,Bucharest,188.2192855132908,Odesa,238.71696723888886,,,,
Ploiesti,Bucharest,56.9186695464717,Brasov,86.7002580942479,Galati,167.1473657692752,,,,,,
Oradea,Cluj-Napoca,130.73008852972956,Timisoara,155.26025455342818,Brasov,323.7141580350306,Debrecen,55.16496710377653,,,,
Moscow,Saint Petersburg,634.9904351971755,Kazan,717.8338220429483,Samara,855.951967722933,Vitsyebsk,471.10202937515925,,,,
Saint Petersburg,Moscow,634.9904351971755,Kazan,1198.1572813344558,Samara,1418.9872869939684,Narva,135.1254410063273,Kouvola,223.0448578798223,Utena,568.2518590117755
Novosibirsk,Omsk,607.602639750561,Chelyabinsk,1363.8031564072385,Yekaterinburg,1397.1695707148765,,,,,,
Yekaterinburg,Chelyabinsk,193.71498034327163,Kazan,717.9056227482679,Samara,779.0573901317676,,,,,,
Kazan,Samara,295.9835195730825,Moscow,717.8338220429483,Yekaterinburg,717.9056227482679,,,,,,
Chelyabinsk,Yekaterinburg,193.71498034327163,Omsk,762.5028397889365,Samara,763.1120034076212,,,,,,
Omsk,Novosibirsk,607.602639750561,Chelyabinsk,762.5028397889365,Yekaterinburg,821.4166800373055,Pavlodar,378.3533333646366,,,,
Samara,Kazan,295.9835195730825,Chelyabinsk,763.1120034076212,Yekaterinburg,779.0573901317676,,,,,,
Rostov,Ganca,901.9135570258402,Zugdidi,552.3831591046811,Mariupol,163.2992932412572,,,,,,
San Marino,Florence,97.37351856760387,,,,,,,,,,
Belgrade,Pancevo,15.287651094955386,Zrenjanin,62.88072084514015,Novi Sad,68.44870021787237,,,,,,
Novi Sad,Zrenjanin,45.10621413398072,Belgrade,68.44870021787237,Pancevo,75.79962190206847,Bijeljina,74.5926596867107,Osijek,95.69077038069109,,
Nis,Kraljevo,107.34927333019907,Kragujevac,109.05759017527312,Novi Pazar,113.31879235319232,Sofia,135.3999175505697,,,,
Kragujevac,Kraljevo,38.14401769596521,Cacak,49.14089009150193,Belgrade,97.35469524241569,,,,,,
Subotica,Novi Sad,95.08050507596026,Zrenjanin,97.52465169400864,Belgrade,155.25855391785612,Szeged,40.722430334095044,,,,
Zrenjanin,Novi Sad,45.10621413398072,Pancevo,60.31198353092418,Belgrade,62.88072084514015,Timisoara,77.67148309278807,,,,
Pancevo,Belgrade,15.287651094955386,Zrenjanin,60.31198353092418,Novi Sad,75.79962190206847,,,,,,
Cacak,Kraljevo,32.88755064800913,Kragujevac,49.14089009150193,Novi Pazar,83.5322927795334,,,,,,
Novi Pazar,Kraljevo,65.22500005278604,Cacak,83.5322927795334,Kragujevac,101.94776046599398,Mitrovice,41.09934165762452,Rozaje,45.05323533985722,,
Kraljevo,Cacak,32.88755064800913,Kragujevac,38.14401769596521,Novi Pazar,65.22500005278604,,,,,,
Bratislava,Trnava,43.93105836912209,Nitra,74.58731948738556,Trencin,107.60708233588291,Vienna,55.1299170951827,Gyor,64.35847490420706,,
Kosice,Presov,31.700040192403133,Poprad,79.38442396625734,Banska Bystrica,154.39063216238497,,,,,,
Presov,Kosice,31.700040192403133,Poprad,68.96848144643667,Banska Bystrica,156.00116312880903,Lviv,222.57144341514473,,,,
Zilina,Martin,21.976089535305395,Banska Bystrica,61.7524046645031,Trencin,63.08741160354471,,,,,,
Nitra,Trnava,37.64174810446501,Trencin,65.15161479930879,Bratislava,74.58731948738556,,,,,,
Banska Bystrica,Martin,40.13333062770872,Zilina,61.7524046645031,Trencin,83.02093448166113,,,,,,
Trnava,Nitra,37.64174810446501,Bratislava,43.93105836912209,Trencin,66.01035149231441,,,,,,
Martin,Zilina,21.976089535305395,Banska Bystrica,40.13333062770872,Trencin,67.40956501794693,,,,,,
Trencin,Zilina,63.08741160354471,Nitra,65.15161479930879,Trnava,66.01035149231441,,,,,,
Poprad,Presov,68.96848144643667,Kosice,79.38442396625734,Banska Bystrica,91.611388144102,Krakow,114.4074112854773,,,,
Ljubljana,Kamnik,21.028804210661324,Kranj,22.900869573027165,Trbovlje,43.345084725584336,,,,,,
Maribor,Ptuj,23.00799746181027,Celje,46.04683450526777,Velenje,46.105482341365,Szombathely,105.73289634815907,,,,
Celje,Velenje,18.352679352067046,Trbovlje,19.269185594254463,Maribor,46.04683450526777,,,,,,
Kranj,Kamnik,18.88774580959604,Ljubljana,22.900869573027165,Trbovlje,53.4058620272976,Klagenfurt,42.93756758164656,,,,
Velenje,Celje,18.352679352067046,Trbovlje,24.142110140259298,Kamnik,41.488896336731365,,,,,,
Koper,Ljubljana,81.83651363953007,Kranj,90.42024542352716,Kamnik,101.34261293567107,Bologna,221.55075433309406,,,,
Novo Mesto,Trbovlje,39.9494218160988,Celje,49.07985689464643,Ljubljana,58.241749744478255,,,,,,
Ptuj,Maribor,23.00799746181027,Celje,50.524340750719055,Velenje,58.2490663692852,Varazdin,38.01279314012571,,,,
Trbovlje,Celje,19.269185594254463,Velenje,24.142110140259298,Kamnik,34.75193706059651,,,,,,
Kamnik,Kranj,18.88774580959604,Ljubljana,21.028804210661324,Trbovlje,34.75193706059651,,,,,,
Madrid,Zaragoza,273.38019550675807,Bilbao,322.3276469688249,Murcia,349.55431448377743,,,,,,
Barcelona,Palma,205.83413796791174,Zaragoza,256.5060910265319,Bilbao,468.1749590700488,Escaldes-Engordany,135.84869038345042,Toulouse,254.27420300472784,,
Valencia,Las Palmas,5821.125694757707,Malaga,6986.647071525874,Madrid,7108.7485250274485,,,,,,
Zaragoza,Bilbao,244.82297396671672,Barcelona,256.5060910265319,Madrid,273.38019550675807,,,,,,
Malaga,Murcia,323.0680066207161,Madrid,415.833283648306,Zaragoza,627.1525599856556,,,,,,
Murcia,Malaga,323.0680066207161,Madrid,349.55431448377743,Palma,371.81164416250516,,,,,,
Palma,Barcelona,205.83413796791174,Murcia,371.81164416250516,Zaragoza,377.60283774526323,,,,,,
Las Palmas,Malaga,1405.5702895878965,Murcia,1722.040731700611,Madrid,1736.9158349875927,,,,,,
Bilbao,Zaragoza,244.82297396671672,Madrid,322.3276469688249,Barcelona,468.1749590700488,,,,,,
Sevilla,Setubal,292.01828968197094,,,,,,,,,,
Stockholm,Uppsala,63.44457770064415,Vasteras,91.35452175110078,Norrkoping,134.3555762583096,,,,,,
Gothenburg,Jonkoping,130.40885518769358,Helsingborg,189.84058840670102,Linkoping,229.0880423970629,Fredrikstad,176.74749539201775,,,,
Malmo,Helsingborg,53.261856962850274,Gothenburg,242.6401972108548,Jonkoping,251.61590866371137,Copenhagen,30.36184322918433,,,,
Uppsala,Stockholm,63.44457770064415,Vasteras,66.84325558062443,Orebro,151.85788112366058,,,,,,
Vasteras,Uppsala,66.84325558062443,Orebro,85.03292654730546,Stockholm,91.35452175110078,,,,,,
Orebro,Vasteras,85.03292654730546,Norrkoping,94.11362909559998,Linkoping,98.3964559118581,,,,,,
Linkoping,Norrkoping,39.16459158739701,Orebro,98.3964559118581,Jonkoping,111.17921059738224,,,,,,
Helsingborg,Malmo,53.261856962850274,Gothenburg,189.84058840670102,Jonkoping,211.66220056127,,,,,,
Jonkoping,Linkoping,111.17921059738224,Gothenburg,130.40885518769358,Norrkoping,150.13530873375953,,,,,,
Norrkoping,Linkoping,39.16459158739701,Orebro,94.11362909559998,Vasteras,114.76592566332612,,,,,,
Lulea,Pitea,41.12899935752866,Umea,215.23798301598165,Sundsvall,425.1876152566542,Oulu,166.67674075525318,,,,
Pitea,Lulea,41.12899935752866,Umea,177.7825004764451,Sundsvall,385.0005407278762,,,,,,
Umea,Pitea,177.7825004764451,Lulea,215.23798301598165,Sundsvall,216.9190905649557,,,,,,
Sundsvall,Umea,216.9190905649557,Uppsala,283.1934653840106,Vasteras,312.2755412602542,,,,,,
Zurich,Winterthur,19.76176017020542,Lucerne,40.40791690913725,Basel,74.21067801328762,,,,,,
Geneva,Lausanne,51.43345243277184,Bern,129.50047070887658,Biel/Bienne,133.4725920643385,Lyon,112.29165781878551,,,,
Basel,Biel/Bienne,53.42453932414603,Bern,68.31008874835292,Zurich,74.21067801328762,,,,,,
Lausanne,Geneva,51.43345243277184,Bern,78.20804591690042,Biel/Bienne,82.78622722686983,,,,,,
Bern,Biel/Bienne,25.457076528323665,Lucerne,65.63534715513619,Basel,68.31008874835292,,,,,,
Winterthur,Zurich,19.76176017020542,Lucerne,59.47353864605547,Basel,85.66962445320848,Stuttgart,146.06556064205336,,,,
Lucerne,Zurich,40.40791690913725,Winterthur,59.47353864605547,Bern,65.63534715513619,,,,,,
Lugano,Lucerne,126.46596002115898,Zurich,155.46928305186844,Bern,155.81053449506433,Milan,62.60871105327075,,,,
Biel/Bienne,Bern,25.457076528323665,Basel,53.42453932414603,Lucerne,80.02702049173902,,,,,,
Sankt Gallen,Dornbirn,28.54163224720945,Ruggell,23.384275271236483,,,,,,,,
Istanbul,Bursa,92.67287569677626,Izmir,327.5030194212424,Ankara,350.77467540682943,Burgas,206.38064407807298,,,,
Ankara,Konya,231.6120476281764,Kayseri,263.60158642266094,Bursa,324.61511920542716,,,,,,
Izmir,Bursa,255.82351234268688,Istanbul,327.5030194212424,Antalya,357.2820240545114,,,,,,
Bursa,Istanbul,92.67287569677626,Izmir,255.82351234268688,Ankara,324.61511920542716,,,,,,
Adana,Mersin,65.09408793544209,Gaziantep,182.80453631443712,Kayseri,192.08806651590396,,,,,,
Gaziantep,Adana,182.80453631443712,Mersin,245.80152631231945,Kayseri,248.20934235870504,Ejmiatsin,692.7552073211848,Naxcivan,741.670862875648,,
Konya,Antalya,190.98971818826382,Mersin,224.04917354687598,Ankara,231.6120476281764,,,,,,
Antalya,Konya,190.98971818826382,Mersin,349.45344976696384,Izmir,357.2820240545114,Rodos,227.12670841375945,,,,
Kayseri,Adana,192.08806651590396,Mersin,226.57366013105053,Gaziantep,248.20934235870504,Batumi,615.3742956446946,,,,
Mersin,Adana,65.09408793544209,Konya,224.04917354687598,Kayseri,226.57366013105053,,,,,,
Kyiv,Kryvyi Rih,349.04777699667096,Dnipro,393.8006101299885,Mykolaiv,401.1839039672038,Homyel',224.15321357634153,,,,
Kharkiv,Dnipro,190.34908822064708,Donetsk,249.26137321523836,Zaporizhzhia,251.7388791431394,,,,,,
Odesa,Mykolaiv,110.98962160286214,Kryvyi Rih,253.42372390595665,Zaporizhzhia,364.8780952274422,Tiraspol,92.40278396662715,Galati,238.71696723888886,,
Dnipro,Zaporizhzhia,68.90307327279433,Kryvyi Rih,140.29139784089034,Kharkiv,190.34908822064708,,,,,,
Donetsk,Mariupol,102.66602378008245,Zaporizhzhia,200.9771026960221,Dnipro,211.21406789154025,,,,,,
Zaporizhzhia,Dnipro,68.90307327279433,Kryvyi Rih,132.4734204366326,Donetsk,200.9771026960221,,,,,,
Lviv,Kyiv,467.28772500402107,Odesa,621.6976342223048,Mykolaiv,668.1793556876187,Nyiregyhaza,269.2894997960617,Lublin,187.65393507354065,Presov,222.57144341514473
Kryvyi Rih,Zaporizhzhia,132.4734204366326,Dnipro,140.29139784089034,Mykolaiv,145.11170870258647,,,,,,
Mykolaiv,Odesa,110.98962160286214,Kryvyi Rih,145.11170870258647,Zaporizhzhia,254.2837317583545,,,,,,
Mariupol,Donetsk,102.66602378008245,Zaporizhzhia,201.09224186245032,Dnipro,241.67925555760922,Rostov,163.2992932412572,,,,
London,Birmingham,162.68932172104783,Bristol,171.14374460585742,Sheffield,227.33622153497805,,,,,,
Birmingham,Sheffield,104.26884174484901,Manchester,113.4729990646364,Bristol,123.66273556380499,,,,,,
Manchester,Liverpool,50.088841568561705,Sheffield,52.501216868128786,Leeds,58.102968454103106,,,,,,
Glasgow,Edinburgh,66.9076495607696,Liverpool,284.57692130318935,Leeds,287.0444463817665,,,,,,
Sheffield,Leeds,46.93970172503185,Manchester,52.501216868128786,Liverpool,100.9334164803342,,,,,,
Liverpool,Manchester,50.088841568561705,Sheffield,100.9334164803342,Leeds,104.69789995094564,Dublin,216.8691786687002,,,,
Leeds,Sheffield,46.93970172503185,Manchester,58.102968454103106,Liverpool,104.69789995094564,,,,,,
Edinburgh,Glasgow,66.9076495607696,Leeds,261.3524606354952,Manchester,281.6793474215715,,,,,,
Bristol,Birmingham,123.66273556380499,London,171.14374460585742,Liverpool,218.9020922522287,,,,,,
Vatican City,Rome,2.748126330720287,,,,,,,,,,
